{"cameraMode":{"drawMode":0,"name":"Shaded","section":"Shading Mode"},"sceneLighting":true,"audioPlay":false,"sceneViewState":{"m_AlwaysRefresh":false,"showFog":true,"showSkybox":true,"showFlares":true,"showImageEffects":true,"showParticleSystems":true,"showVisualEffectGraphs":true,"m_FxEnabled":true},"in2DMode":false,"pivot":{"x":400.5238342285156,"y":178.67373657226563,"z":18.38806915283203},"rotation":{"x":-0.05815235525369644,"y":0.013471635989844799,"z":0.0007842265185900033,"w":0.9982198476791382},"size":210.94253540039063,"orthographic":false}